Material_number,Vc,f,ap,Tc,Tmax,Tmin,DeltaT_max_center,Thermal_spread,Thermal_load,Force_load,Thermo_mech_index,Mean_Fx,Mean_Fy,Mean_Fz,Mean_FR,Vwear
1,60,0.1,1,32.5,34.9,29.72,2.4,5.18,65,132.656549,2155.668922,63,19.8,38.4,66.32827451,0.000111111
1,60,0.1,1.25,31.92,35.54,28.82,3.62,6.72,63.84,123.2116878,1966.458537,58.8,17.2,42,61.60584388,0.000160494
1,60,0.1,1.5,32.6,39.22,30.66,6.62,8.56,65.2,143.6245104,2341.07952,68.2,21.6,39.2,71.81225522,6.17E-05
1,60,0.16,1,31.28,34.04,29.64,2.76,4.4,62.56,116.6807611,1824.887103,56,15,42.6,58.34038053,3.70E-05
1,60,0.16,1.25,32.36,35.4,30.26,3.04,5.14,64.72,126.3810112,2044.844762,60.2,18,45,63.19050562,7.41E-05
1,60,0.16,1.5,32.92,39.22,29.88,6.3,9.34,65.84,143.8037552,2367.00981,68.2,21.8,43.4,71.90187758,7.41E-05
1,60,0.23,1,32.28,35.18,29.58,2.9,5.6,64.56,124.4437222,2008.521677,59,18.6,44.6,62.22186111,2.47E-05
1,60,0.23,1.25,33.34,36.3,31.46,2.96,4.84,66.68,123.7132168,2062.299323,58.8,18,44.8,61.85660838,2.47E-05
1,60,0.23,1.5,32.78,36.18,30.48,3.4,5.7,65.56,145.9282015,2391.763223,68.6,24,41.8,72.96410076,3.70E-05
1,90,0.1,1,33.46,36.04,31.12,2.58,4.92,66.92,122.4124177,2047.959748,58.8,15.6,45.4,61.20620884,3.70E-05
1,90,0.1,1.25,32.68,35.92,30.8,3.24,5.12,65.36,124.6781456,2037.2409,60,15.6,42.8,62.33907282,4.94E-05
1,90,0.1,1.5,33.98,39.02,31.64,5.04,7.38,67.96,136.5125635,2319.348454,65.4,18.4,43.2,68.25628176,0.000111111
1,90,0.16,1,34.3,41.44,31.4,7.14,10.04,68.6,125.4827478,2152.029125,59.8,17.8,43.6,62.74137391,7.41E-05
1,90,0.16,1.25,36.2,43.02,32.78,6.82,10.24,72.4,126.1522889,2283.356429,60.2,17.6,44.8,63.07614446,0.000160494
1,90,0.16,1.5,35.34,44.12,31.94,8.78,12.18,70.68,129.3850069,2286.233071,61.6,18.6,44.6,64.69250343,0.000185185
1,90,0.23,1,35.46,42.34,31.7,6.88,10.64,70.92,121.7669906,2158.928743,58.4,15.8,46.6,60.8834953,0.000135802
1,90,0.23,1.25,35,41.08,31.82,6.08,9.26,70,131.1420604,2294.986057,62.4,19,44.8,65.57103019,0.000160494
1,90,0.23,1.5,34.32,40.48,30.82,6.16,9.66,68.64,137.8660219,2365.780936,65.6,20,48.4,68.93301096,0.000802469
1,115,0.1,1,34.3,38.56,30.66,4.26,7.9,68.6,130.921656,2245.3064,63.4,14.4,58.2,65.46082798,0.000197531
1,115,0.1,1.25,33.64,40.9,30.7,7.26,10.2,67.28,135.8923103,2285.708659,65.8,15.2,56,67.94615515,0.000209877
1,115,0.1,1.5,36.26,43.9,33.06,7.64,10.84,72.52,143.2954989,2597.947395,69.4,16.2,54.6,71.64774944,0.000209877
1,115,0.16,1,33.36,43.3,30.72,9.94,12.58,66.72,138.5311517,2310.699611,66.6,17.6,52.4,69.26557587,0.000197531
1,115,0.16,1.25,33.96,45.8,31.02,11.84,14.78,67.92,132.819878,2255.281529,64.2,15.2,57.6,66.40993902,0.000222222
1,115,0.16,1.5,32.88,44.8,30.44,11.92,14.36,65.76,162.1209425,2665.268295,77.8,21.6,51.4,81.06047125,0.000222222
1,115,0.23,1,32.76,43.9,30.34,11.14,13.56,65.52,129.6974942,2124.444955,62,17.6,51.6,64.8487471,0.000234568
1,115,0.23,1.25,33.04,43.6,30.1,10.56,13.5,66.08,133.3776593,2203.398932,63.6,18.8,49,66.68882965,0.000234568
1,115,0.23,1.5,33.4,44.22,29.64,10.82,14.58,66.8,148.7946236,2484.870213,70.4,23,49.8,74.39731178,0.000259259
2,60,0.1,1,33.38,35.34,31.36,1.96,3.98,66.76,117.9783031,1969.057879,53.2,13.2,21.8,58.98915155,0.000037037
2,60,0.1,1.25,34.4,37.04,32.32,2.64,4.72,68.8,112.9828306,1943.304686,50.2,14,21.8,56.49141528,0.000222222
2,60,0.1,1.5,35.16,37.76,31.9,2.6,5.86,70.32,147.0618917,2585.348057,59.8,17.6,39,73.53094587,0.000185185
2,60,0.16,1,34.28,37.56,31.48,3.28,6.08,68.56,154.2745604,2644.265966,64.2,18.4,38.6,77.13728022,0.00108642
2,60,0.16,1.25,37.26,42.64,33.6,5.38,9.04,74.52,166.6253282,3104.229864,70,21,40,83.3126641,0.001765432
2,60,0.16,1.5,35.5,43.1,31.4,7.6,11.7,71,178.1837254,3162.761126,73,23,45.6,89.0918627,0.001950617
2,60,0.23,1,33.62,42.48,31.34,8.86,11.14,67.24,148.9601289,2504.019767,60,18.2,40.2,74.48006445,0.00154321
2,60,0.23,1.25,33.38,42.16,30.76,8.78,11.4,66.76,167.5560802,2796.510978,66.2,23.6,45.6,83.77804008,0.002358025
2,60,0.23,1.5,32.92,44.5,30.26,11.58,14.24,65.84,180.7406982,2974.991893,71.8,26.6,48,90.37034912,0.002604938
2,90,0.1,1,32.08,44.88,29.98,12.8,14.9,64.16,173.1524184,2777.364791,67.4,20.8,50.2,86.5762092,0.002802469
2,90,0.1,1.25,33.54,49.5,30.64,15.96,18.86,67.08,191.0480568,3203.875912,76.2,26.4,51.2,95.52402839,0.003148148
2,90,0.1,1.5,32.76,53.6,30.3,20.84,23.3,65.52,192.6501492,3155.609445,77,26.6,51.4,96.32507462,0.003679012
2,90,0.16,1,32.66,56.96,30.22,24.3,26.74,65.32,175.3579197,2863.594829,68.4,20.2,51,87.67895985,0.003740741
2,90,0.16,1.25,33.28,57.82,30.64,24.54,27.18,66.56,193.0881664,3212.987089,76.6,26.2,52.6,96.5440832,0.003716049
2,90,0.16,1.5,34.1,61.42,30.48,27.32,30.94,68.2,203.0448226,3461.914225,80.4,27,55.8,101.5224113,0.004740741
2,90,0.23,1,37.06,54.8,30.3,17.74,24.5,74.12,183.2096067,3394.874013,69.8,23.2,54.6,91.60480337,0.005024691
2,90,0.23,1.25,41.96,55.4,30.84,13.44,24.56,83.92,211.1337017,4429.585064,82.6,32.4,57.2,105.5668509,0.005469136
2,90,0.23,1.5,39.96,56.3,30.3,16.34,26,79.92,210.7275018,4210.335486,82.4,32.6,57,105.3637509,0.00582716
2,115,0.1,1,38.28,51.02,30.36,12.74,20.66,76.56,199.3678008,3815.899708,77.8,25.2,57,99.68390041,0.006148148
2,115,0.1,1.25,37.34,56.58,30.52,19.24,26.06,74.68,186.5291398,3482.49904,71.2,22.2,56,93.26456991,0.006395062
2,115,0.1,1.5,37.9,57.44,30.22,19.54,27.22,75.8,208.5542615,3952.103257,81.8,28.2,58.2,104.2771308,0.006580247
2,115,0.16,1,37.02,48.66,31.34,11.64,17.32,74.04,204.0196069,3776.402926,79,26.6,58.8,102.0098035,0.007061728
2,115,0.16,1.25,35.4,45.08,32.56,9.68,12.52,70.8,213.5037236,3779.015908,83.4,29.4,59.8,106.7518618,0.006814815
2,115,0.16,1.5,36.56,50.08,32.16,13.52,17.92,73.12,228.3719773,4174.639743,90.4,34.2,60.8,114.1859886,0.006888889
2,115,0.23,1,35.92,47.36,31.9,11.44,15.46,71.84,208.1430277,3738.248779,80,31.2,58.8,104.0715139,0.007074074
2,115,0.23,1.25,37.02,46.38,30.88,9.36,15.5,74.04,210.4600675,3895.615848,81.4,32.2,58.4,105.2300337,0.007407407
2,115,0.23,1.5,37.88,48.6,31.72,10.72,16.88,75.76,216.3974122,4098.566987,84.2,34.4,58.6,108.1987061,0.007938272
3,60,0.1,1,37.54,41.78,34.42,4.24,7.36,75.08,186.7233247,3504.796805,75,22.6,50.8,93.36166237,0.000716049
3,60,0.1,1.25,36.98,44.88,33.84,7.9,11.04,73.96,209.7472765,3878.227143,85.4,22.4,56.6,104.8736383,0.002308642
3,60,0.1,1.5,40.42,46.1,33.24,5.68,12.86,80.84,207.3138683,4189.813279,90.6,21.8,45.4,103.6569342,0.003432099
3,60,0.16,1,36.74,42.74,33.7,6,9.04,73.48,193.0989384,3547.227498,76.6,23.2,54,96.54946919,0.004493827
3,60,0.16,1.25,40.7,45.84,34.04,5.14,11.8,81.4,178.0130332,3622.565226,67.6,21.4,53.8,89.00651662,0.005148148
3,60,0.16,1.5,40.66,47.34,34.6,6.68,12.74,81.32,196.7955284,4000.853092,78.2,22.8,55.2,98.3977642,0.006641975
3,60,0.23,1,36.3,45.24,32.6,8.94,12.64,72.6,157.4298574,2857.351912,64,22,40.2,78.7149287,0.007123457
3,60,0.23,1.25,42.36,48.72,31.6,6.36,17.12,84.72,214.8186212,4549.858396,82.6,28.2,62.6,107.4093106,0.008185185
3,60,0.23,1.5,34.54,46.82,31.88,12.28,14.94,69.08,234.8034071,4055.054841,92.6,36.6,62.2,117.4017036,0.008950617
3,90,0.1,1,34.48,49.52,31.76,15.04,17.76,68.96,203.3031234,3504.945848,78,25,60.2,101.6515617,0.010271605
3,90,0.1,1.25,36.92,53.68,31.98,16.76,21.7,73.84,210.4262341,3884.468282,81,24.8,62.4,105.2131171,0.010716049
3,90,0.1,1.5,41.28,50.38,31.76,9.1,18.62,82.56,237.7326229,4906.801337,94.6,34.8,63,118.8663115,0.01154321
3,90,0.16,1,34.6,49.04,31.6,14.44,17.44,69.2,135.2130171,2339.185196,55.2,14.6,36.2,67.60650856,0.012222222
3,90,0.16,1.25,37.38,54.08,32.52,16.7,21.56,74.76,212.174645,3965.544116,85.4,30.6,55,106.0873225,0.014012346
3,90,0.16,1.5,36.2,52.5,31.76,16.3,20.74,72.4,224.8017794,4068.912206,85.6,30.4,66.2,112.4008897,0.014950617
3,90,0.23,1,35.56,54.72,31.78,19.16,22.94,71.12,216.8173425,3855.012349,81.8,33.8,62.6,108.4086712,0.015901235
3,90,0.23,1.25,36.56,57.04,30.78,20.48,26.26,73.12,223.0257384,4076.910498,89,24.4,62.6,111.5128692,0.016753086
3,90,0.23,1.5,36.18,52.32,31.52,16.14,20.8,72.36,248.9510795,4503.525029,93.8,46.4,67.4,124.4755398,0.016851852
3,115,0.1,1,34.48,54.3,31.14,19.82,23.16,68.96,216.2746402,3728.574797,80.6,27.6,66.6,108.1373201,0.017617284
3,115,0.1,1.25,35.46,56.94,30.82,21.48,26.12,70.92,224.440638,3979.332512,84.2,31,67.4,112.220319,0.018148148
3,115,0.1,1.5,34.9,51.48,30.84,16.58,20.64,69.8,229.5627147,4005.869372,89.6,31.2,64.6,114.7813574,0.018333333
3,115,0.16,1,34.54,51.48,30.84,16.94,20.64,69.08,201.5019603,3479.938854,72.8,23.4,65.6,100.7509801,0.019259259
3,115,0.16,1.25,35.02,54.8,30.68,19.78,24.12,70.04,201.2795072,3524.40417,73.6,23.2,64.6,100.6397536,0.019197531
3,115,0.16,1.5,36.2,56.42,30.18,20.22,26.24,72.4,253.226223,4583.394636,95.6,38.4,73.6,126.6131115,0.019864198
3,115,0.23,1,27.58,45.3,24.08,17.72,21.22,55.16,223.6665375,3084.361552,83.4,33.4,66.6,111.8332688,0.019925926
3,115,0.23,1.25,27.72,46.44,24.3,18.72,22.14,55.44,230.3423539,3192.545025,86.4,36.2,67,115.1711769,0.020962963
3,115,0.23,1.5,27.84,46.84,24.38,19,22.46,55.68,244.5112676,3403.596845,93.8,40.4,67.2,122.2556338,0.021358025